{
  "$schema": "https://docs.renovatebot.com/renovate-schema.json",
  "extends": ["config:recommended", ":automergeStableNonMajor"],
  "enabledManagers": ["github-actions", "terraform", "npm", "maven", "gomod"],
  "packageRules": [
    {
      "matchManagers": ["github-actions"],
      "groupName": "GitHub Actions"
    },
    {
      "matchManagers": ["terraform"],
      "groupName": "Terraform"
    },
    {
      "matchDepTypes": ["required_version"],
      "enabled": false
    },
    {
      "groupName": "kiota",
      "matchPackageNames": ["com.microsoft.kiota:*"]
    },
    {
      "automerge": true,
      "matchCurrentVersion": ">= 1.0.0",
      "matchUpdateTypes": ["minor", "patch"],
      "matchManagers": ["custom.regex"]
    }
  ]
}
